<?xml version="1.0" encoding="utf-8"?><feed xmlns="http://www.w3.org/2005/Atom" ><generator uri="https://jekyllrb.com/" version="4.3.1">Jekyll</generator><link href="https://keszeitheone.github.io/atom.xml" rel="self" type="application/atom+xml" /><link href="https://keszeitheone.github.io/" rel="alternate" type="text/html" /><updated>2022-11-06T10:22:53+01:00</updated><id>https://keszeitheone.github.io/atom.xml</id><entry><title type="html">Apples</title><link href="https://keszeitheone.github.io/fruit/apples/" rel="alternate" type="text/html" title="Apples" /><published>2018-08-21T00:00:00+02:00</published><updated>2018-08-21T00:00:00+02:00</updated><id>https://keszeitheone.github.io/fruit/apples</id><content type="html" xml:base="https://keszeitheone.github.io/fruit/apples/"><![CDATA[<p>An apple is a sweet, edible fruit produced by an apple tree.</p>

<p>Apple trees are cultivated worldwide, and are the most widely grown species in
the genus Malus. The tree originated in Central Asia, where its wild ancestor,
Malus sieversii, is still found today. Apples have been grown for thousands of
years in Asia and Europe, and were brought to North America by European
colonists.</p>]]></content><author><name>Keszei Balázs</name></author><category term="fruit" /><summary type="html"><![CDATA[An apple is a sweet, edible fruit produced by an apple tree.]]></summary><media:thumbnail xmlns:media="http://search.yahoo.com/mrss/" url="https://www.cmiapples.com/uploads/masthead/exports_masthead.jpg" /><media:content medium="image" url="https://www.cmiapples.com/uploads/masthead/exports_masthead.jpg" xmlns:media="http://search.yahoo.com/mrss/" /></entry><entry><title type="html">Bananas</title><link href="https://keszeitheone.github.io/fruit/bananas/" rel="alternate" type="text/html" title="Bananas" /><published>2018-08-20T00:00:00+02:00</published><updated>2018-08-20T00:00:00+02:00</updated><id>https://keszeitheone.github.io/fruit/bananas</id><content type="html" xml:base="https://keszeitheone.github.io/fruit/bananas/"><![CDATA[<p>A banana is an edible fruit – botanically a berry – produced by several kinds
of large herbaceous flowering plants in the genus Musa.</p>

<p>In some countries, bananas used for cooking may be called “plantains”,
distinguishing them from dessert bananas. The fruit is variable in size, color,
and firmness, but is usually elongated and curved, with soft flesh rich in
starch covered with a rind, which may be green, yellow, red, purple, or brown
when ripe.</p>]]></content><author><name>Keszei Balázs</name></author><category term="fruit" /><summary type="html"><![CDATA[A banana is an edible fruit – botanically a berry – produced by several kinds of large herbaceous flowering plants in the genus Musa.]]></summary></entry><entry><title type="html">Kiwifruit</title><link href="https://keszeitheone.github.io/fruit/kiwifruit/" rel="alternate" type="text/html" title="Kiwifruit" /><published>0018-08-22T00:00:40+01:16</published><updated>0018-08-22T00:00:40+01:16</updated><id>https://keszeitheone.github.io/fruit/kiwifruit</id><content type="html" xml:base="https://keszeitheone.github.io/fruit/kiwifruit/"><![CDATA[<p>Kiwifruit (often abbreviated as kiwi), or Chinese gooseberry is the edible
berry of several species of woody vines in the genus Actinidia.</p>

<p>The most common cultivar group of kiwifruit is oval, about the size of a large
hen’s egg (5–8 cm (2.0–3.1 in) in length and 4.5–5.5 cm (1.8–2.2 in) in
diameter). It has a fibrous, dull greenish-brown skin and bright green or
golden flesh with rows of tiny, black, edible seeds. The fruit has a soft
texture, with a sweet and unique flavor.</p>]]></content><author><name>Keszei Balázs</name></author><category term="fruit" /><summary type="html"><![CDATA[Kiwifruit (often abbreviated as kiwi), or Chinese gooseberry is the edible berry of several species of woody vines in the genus Actinidia.]]></summary></entry></feed>